Id,Name,Shape Library,Page ID,Contained By,Group,Line Source,Line Destination,Source Arrow,Destination Arrow,Text Area 1
1,Page,,,,,,,,,Page 1
2,Connector,Flowchart Shapes,1,,,,,,,a
3,Connector,Flowchart Shapes,1,,,,,,,ac
4,Connector,Flowchart Shapes,1,,,,,,,ab
5,Connector,Flowchart Shapes,1,,,,,,,ad
6,Connector,Flowchart Shapes,1,,,,,,,ae
7,Connector,Flowchart Shapes,1,,,,,,,abc
8,Connector,Flowchart Shapes,1,,,,,,,abd
9,Connector,Flowchart Shapes,1,,,,,,,abe
10,Connector,Flowchart Shapes,1,,,,,,,acd
11,Connector,Flowchart Shapes,1,,,,,,,ace
12,Connector,Flowchart Shapes,1,,,,,,,ade
13,Connector,Flowchart Shapes,1,,,,,,,bc
14,Connector,Flowchart Shapes,1,,,,,,,bd
15,Connector,Flowchart Shapes,1,,,,,,,be
16,Connector,Flowchart Shapes,1,,,,,,,bcd
17,Connector,Flowchart Shapes,1,,,,,,,bce
18,Connector,Flowchart Shapes,1,,,,,,,bde
19,Connector,Flowchart Shapes,1,,,,,,,b
20,Connector,Flowchart Shapes,1,,,,,,,c
21,Connector,Flowchart Shapes,1,,,,,,,cd
22,Connector,Flowchart Shapes,1,,,,,,,ce
23,Connector,Flowchart Shapes,1,,,,,,,cde
24,Connector,Flowchart Shapes,1,,,,,,,d
25,Connector,Flowchart Shapes,1,,,,,,,de
26,Connector,Flowchart Shapes,1,,,,,,,e
27,Connector,Flowchart Shapes,1,,,,,,,
28,Text,Default,1,,,,,,,Project 1
29,Line,,1,,,4,7,None,None,
30,Line,,1,,,9,4,None,None,
31,Line,,1,,,3,10,None,None,
32,Line,,1,,,11,3,None,None,
33,Line,,1,,,2,4,None,None,
34,Line,,1,,,3,2,None,None,
35,Line,,1,,,5,2,None,None,
36,Line,,1,,,6,2,None,None,
37,Line,,1,,,5,12,None,None,
38,Line,,1,,,8,4,None,None,
39,Line,,1,,,16,13,None,None,
40,Line,,1,,,17,13,None,None,
41,Line,,1,,,13,19,None,None,
42,Line,,1,,,14,19,None,None,
43,Line,,1,,,15,19,None,None,
44,Line,,1,,,14,18,None,None,
45,Line,,1,,,21,20,None,None,
46,Line,,1,,,22,20,None,None,
47,Line,,1,,,23,21,None,None,
48,Line,,1,,,25,24,None,None,
49,Line,,1,,,2,27,None,None,
50,Line,,1,,,19,27,None,None,
51,Line,,1,,,20,27,None,None,
52,Line,,1,,,24,27,None,None,
53,Line,,1,,,26,27,None,None,